date,price,max,increaseShop,increasePirce
2018-05-05,40.818260869565236,198.0,0.0,0.10478260869564338
2018-05-06,40.73826086956524,198.0,0.0,-0.0799999999999983
2018-05-07,40.56913043478263,198.0,0.0,-0.16913043478260903
2018-05-08,40.42695652173915,198.0,0.0,-0.1421739130434787
2018-05-09,40.17913043478263,198.0,0.0,-0.24782608695652186
2018-05-10,40.41391304347828,198.0,0.0,0.23478260869565304
2018-05-11,40.27478260869567,198.0,0.0,-0.1391304347826079
2018-05-12,40.03304347826089,198.0,0.0,-0.24173913043478024
2018-05-13,39.76391304347828,198.0,0.0,-0.26913043478261045
2018-05-14,39.79000000000002,198.0,0.0,0.026086956521737648
2018-05-15,39.807391304347846,198.0,0.0,0.0173913043478251
2018-05-16,39.66826086956524,198.0,0.0,-0.1391304347826079
2018-05-17,39.83347826086958,198.0,0.0,0.16521739130434554
2018-05-18,39.976086956521755,198.0,0.0,0.1426086956521715
2018-05-19,40.17456896551726,198.0,1.0,0.19848200899550505
2018-05-20,40.460775862068985,198.0,0.0,0.28620689655172526
2018-05-21,40.96336206896553,198.0,0.0,0.5025862068965452
2018-05-22,41.87905982905985,198.0,1.0,0.9156977600943179
2018-05-23,42.013675213675235,198.0,0.0,0.1346153846153868
2018-05-24,41.83418803418805,198.0,0.0,-0.1794871794871824
2018-05-25,41.85982905982908,198.0,0.0,0.025641025641029103
2018-05-26,42.174786324786346,198.0,0.0,0.3149572649572647
2018-05-27,42.044017094017114,198.0,0.0,-0.13076923076923208
2018-05-28,41.83803418803421,198.0,0.0,-0.20598290598290703
2018-05-29,41.72504273504275,198.0,0.0,-0.11299145299145863
2018-05-30,41.64641025641028,198.0,0.0,-0.07863247863247125
2018-06-01,42.42760683760685,198.0,0.0,0.7811965811965749
2018-06-02,41.84470085470087,198.0,0.0,-0.5829059829059844
2018-06-03,41.80196581196583,198.0,0.0,-0.04273504273503903
2018-06-04,41.84658119658121,198.0,0.0,0.04461538461538339
2018-06-05,41.97307692307694,198.0,0.0,0.12649572649572605
2018-06-06,41.544017094017114,198.0,0.0,-0.429059829059824
2018-06-07,41.64743589743591,198.0,0.0,0.10341880341879772
2018-06-08,41.59615384615386,198.0,0.0,-0.0512820512820511
2018-06-09,41.610683760683784,198.0,0.0,0.01452991452992336
2018-06-10,41.676293103448295,198.0,-1.0,0.06560934276451036
2018-06-11,42.90726495726497,198.0,1.0,1.2309718538166763
2018-06-12,42.50854700854703,198.0,0.0,-0.39871794871793753
2018-06-13,42.85982905982907,198.0,0.0,0.35128205128203405
2018-06-14,42.71623931623933,198.0,0.0,-0.14358974358973597
2018-06-15,42.77777777777779,198.0,0.0,0.06153846153846132
2018-06-16,42.59658119658121,198.0,0.0,-0.18119658119658055
2018-06-17,42.45128205128207,198.0,0.0,-0.14529914529914123
2018-06-18,43.066666666666684,198.0,0.0,0.6153846153846132
2018-06-19,42.59487179487181,198.0,0.0,-0.4717948717948772
2018-06-20,42.85683760683762,198.0,0.0,0.2619658119658155
2018-06-21,42.86111111111113,198.0,0.0,0.004273504273506035
2018-06-22,42.82179487179489,198.0,0.0,-0.039316239316235624
2018-06-23,42.63008474576272,198.0,1.0,-0.19171012603217008
2018-06-24,42.551271186440694,198.0,0.0,-0.07881355932202894
2018-06-25,42.95805084745764,198.0,0.0,0.40677966101694807
2018-06-26,43.022083333333356,198.0,2.0,0.06403248587571397
2018-06-27,43.06291666666668,198.0,0.0,0.04083333333332462
2018-06-28,43.02958333333335,198.0,0.0,-0.03333333333333144
2018-06-29,43.42563025210086,198.0,-1.0,0.3960469187675102
2018-06-30,43.24041666666668,198.0,1.0,-0.18521358543417676
2018-07-01,41.98875000000001,198.0,0.0,-1.2516666666666723
2018-07-02,41.88875000000001,198.0,0.0,-0.10000000000000142
2018-07-03,42.04791666666668,198.0,0.0,0.15916666666667112
2018-07-04,42.04791666666668,198.0,0.0,0.0
2018-07-05,42.92226890756304,198.0,-1.0,0.8743522408963571
2018-07-06,42.21208333333335,198.0,1.0,-0.7101855742296905
2018-07-07,41.77500000000002,198.0,2.0,-0.4370833333333266
2018-07-08,41.61844262295084,198.0,0.0,-0.15655737704918238
2018-07-09,41.81721311475412,198.0,0.0,0.19877049180328044
2018-07-10,41.62357723577238,198.0,1.0,-0.19363587898173762
2018-07-11,41.437398373983754,198.0,0.0,-0.1861788617886262
2018-07-12,41.658064516129045,198.0,1.0,0.22066614214529068
2018-07-13,41.23680000000001,198.0,1.0,-0.42126451612903537
2018-07-14,41.222400000000015,198.0,0.0,-0.014399999999994861
2018-07-15,41.182400000000015,198.0,0.0,-0.03999999999999915
2018-07-16,41.39040000000002,198.0,0.0,0.2080000000000055
2018-07-17,41.976190476190496,198.0,1.0,0.5857904761904749
2018-07-18,41.51031746031748,198.0,0.0,-0.4658730158730151
2018-07-19,41.746031746031754,198.0,0.0,0.23571428571427333
2018-07-20,41.73730158730161,198.0,0.0,-0.008730158730145376
2018-07-21,42.35634920634922,198.0,0.0,0.6190476190476133
2018-07-22,41.82857142857144,198.0,0.0,-0.5277777777777786
2018-07-23,41.85714285714287,198.0,0.0,0.028571428571424917
2018-07-24,41.64285714285716,198.0,0.0,-0.2142857142857082
2018-07-25,41.531746031746046,198.0,0.0,-0.11111111111111427
2018-07-26,42.414285714285725,198.0,0.0,0.8825396825396794
2018-07-27,41.81031746031747,198.0,0.0,-0.6039682539682545
2018-07-28,42.47936507936509,198.0,0.0,0.6690476190476176
2018-07-29,41.77063492063493,198.0,0.0,-0.7087301587301553
2018-07-30,41.367460317460335,198.0,0.0,-0.4031746031745982
2018-07-31,41.39126984126986,198.0,0.0,0.0238095238095255
2018-08-01,41.71181102362206,198.0,1.0,0.3205411823522013
2018-08-02,40.525196850393705,198.0,0.0,-1.1866141732283566
2018-08-03,40.674803149606305,198.0,0.0,0.14960629921259994
2018-08-04,42.06046511627908,198.0,2.0,1.385661966672778
2018-08-05,41.87519379844962,198.0,0.0,-0.1852713178294607
2018-08-06,41.83565891472869,198.0,0.0,-0.03953488372093261
2018-08-07,41.68217054263567,198.0,0.0,-0.15348837209302246
2018-08-08,42.23736434108528,198.0,0.0,0.5551937984496149
2018-08-09,41.39162790697676,198.0,0.0,-0.8457364341085238
2018-08-10,41.45364341085273,198.0,0.0,0.0620155038759691
2018-08-11,41.669922480620166,198.0,0.0,0.21627906976743816
2018-08-12,41.52169230769232,198.0,1.0,-0.14823017292784613
2018-08-13,41.50931297709925,198.0,1.0,-0.012379330593070392
2018-08-14,40.95778625954199,198.0,0.0,-0.5515267175572589
2018-08-15,40.81427480916032,198.0,0.0,-0.14351145038167346
2018-08-16,41.318091603053446,198.0,0.0,0.5038167938931295
2018-08-17,41.30435114503818,198.0,0.0,-0.013740458015263357
2018-08-18,41.387557251908405,198.0,0.0,0.08320610687022167
2018-08-19,42.10511450381681,215.0,0.0,0.7175572519084028
2018-08-20,41.38736842105264,215.0,2.0,-0.7177460827641653
2018-08-21,40.59578947368422,198.0,0.0,-0.7915789473684214
2018-08-22,40.566716417910456,198.0,1.0,-0.029073055773764622
2018-08-23,41.601037037037045,198.0,1.0,1.0343206191265892
2018-08-24,41.067573529411774,198.0,1.0,-0.533463507625271
2018-08-25,41.16536764705884,198.0,0.0,0.09779411764706225
2018-08-26,40.744452554744534,198.0,1.0,-0.4209150923143028
2018-08-27,41.06489051094892,198.0,0.0,0.32043795620438686
2018-08-28,40.90503649635038,198.0,0.0,-0.15985401459854387
2018-08-29,41.017080291970814,198.0,0.0,0.11204379562043698
2018-08-30,41.10540145985403,198.0,0.0,0.08832116788321542
2018-09-01,41.15197080291973,198.0,0.0,0.046569343065698376
2018-09-02,40.94832116788323,198.0,0.0,-0.20364963503649847
2018-09-03,40.81839416058396,198.0,0.0,-0.12992700729926554
2018-09-04,41.07094890510951,198.0,0.0,0.25255474452554694
2018-09-05,41.45854014598541,198.0,0.0,0.38759124087589925
2018-09-06,40.90379562043797,198.0,0.0,-0.5547445255474415
2018-09-07,41.66201438848922,198.0,2.0,0.7582187680512504
2018-09-08,41.45942857142858,198.0,1.0,-0.20258581706063694
2018-09-09,41.25936170212767,198.0,1.0,-0.20006686930091178
2018-09-10,41.03125874125875,198.0,2.0,-0.22810296086891668
2018-09-11,41.79699300699302,219.0,0.0,0.7657342657342667
2018-09-12,41.845244755244764,219.0,0.0,0.04825174825174372
2018-09-13,42.39631944444446,219.0,1.0,0.5510746891996945
2018-09-14,42.53444444444446,219.0,0.0,0.13812500000000227
2018-09-15,43.419793103448285,229.0,1.0,0.8853486590038244
2018-09-16,43.03137931034483,229.0,0.0,-0.38841379310345303
2018-09-17,43.58116438356165,229.0,1.0,0.5497850732168175
2018-09-18,44.170408163265314,229.0,1.0,0.5892437797036649
2018-09-19,44.19965753424658,209.0,-1.0,0.029249370981268896
2018-09-20,43.00719178082193,209.0,0.0,-1.1924657534246563
2018-09-21,44.06020408163266,209.0,1.0,1.0530123008107353
2018-09-22,42.99828767123289,199.0,-1.0,-1.0619164103997747
2018-09-23,44.48061224489797,209.0,1.0,1.4823245736650819
2018-09-24,44.213945578231304,209.0,0.0,-0.2666666666666657
2018-09-25,44.29899328859061,209.0,2.0,0.08504771035930503
2018-09-26,44.21766666666667,209.0,1.0,-0.08132662192393525
2018-09-27,44.43489932885907,209.0,-1.0,0.21723266219239434
2018-09-28,44.38533333333334,209.0,1.0,-0.04956599552572527
2018-09-29,44.23370860927154,209.0,1.0,-0.15162472406180427
2018-09-30,43.97263157894738,209.0,1.0,-0.2610770303241594
2018-10-01,44.286209150326805,209.0,1.0,0.313577571379426
2018-10-02,45.33725490196079,248.0,0.0,1.0510457516339855
2018-10-03,44.17402597402597,209.0,1.0,-1.1632289279348171
2018-10-04,44.167532467532475,209.0,0.0,-0.006493506493498558
2018-10-05,44.25194805194806,209.0,0.0,0.08441558441558783
2018-10-06,44.649032258064516,209.0,1.0,0.39708420611645323
2018-10-07,44.74871794871795,209.0,1.0,0.09968569065343758
2018-10-08,45.14871794871795,209.0,0.0,0.3999999999999986
2018-10-09,44.037579617834396,209.0,1.0,-1.1111383308835556
2018-10-10,45.17025316455696,209.0,1.0,1.1326735467225646
2018-10-11,41.12316455696202,209.0,0.0,-4.047088607594944
2018-10-12,43.39316455696203,222.0,0.0,2.2700000000000102
2018-10-13,44.45582278481013,222.0,0.0,1.0626582278481038
2018-10-14,44.50329113924051,222.0,0.0,0.04746835443037867
2018-10-15,44.05645569620254,222.0,0.0,-0.44683544303796907
2018-10-16,44.80835443037975,222.0,0.0,0.7518987341772103
2018-10-17,44.64792452830189,222.0,1.0,-0.16042990207785834
2018-10-18,44.70389937106919,222.0,0.0,0.05597484276729858
2018-10-19,44.82603773584907,222.0,0.0,0.12213836477987883
2018-10-20,44.18962500000001,222.0,1.0,-0.6364127358490634
2018-10-21,44.36525,222.0,0.0,0.1756249999999966
2018-10-22,46.30604938271606,318.0,1.0,1.9407993827160581
2018-10-23,46.05913580246914,318.0,0.0,-0.24691358024691823
2018-10-24,46.02333333333334,318.0,0.0,-0.03580246913580254
2018-10-25,45.99617283950618,318.0,0.0,-0.027160493827160792
2018-10-26,46.10546583850933,318.0,-1.0,0.10929299900315215
2018-10-27,46.85172839506174,318.0,1.0,0.7462625565524093
2018-10-28,45.73259259259261,318.0,0.0,-1.1191358024691311
2018-10-29,45.85543209876545,318.0,0.0,0.12283950617283779
2018-10-30,45.93607361963192,318.0,1.0,0.0806415208664717
2018-11-01,46.917668711656454,318.0,0.0,0.9815950920245342
2018-11-02,46.8751851851852,318.0,-1.0,-0.04248352647125131
2018-11-03,46.77840490797547,318.0,1.0,-0.09678027720973148
2018-11-04,46.68024539877302,318.0,0.0,-0.09815950920245342
2018-11-05,46.42871165644173,318.0,0.0,-0.25153374233129
2018-11-06,46.3673619631902,318.0,0.0,-0.06134969325152895
2018-11-07,46.42932515337424,318.0,0.0,0.06196319018404495
2018-11-08,46.915705521472404,318.0,0.0,0.48638036809816043
2018-11-09,47.068466257668724,318.0,0.0,0.15276073619632058
2018-11-10,46.89604938271607,318.0,-1.0,-0.17241687495265268
2018-11-11,46.68073619631904,318.0,1.0,-0.215313186397033
2018-11-12,45.50355828220861,318.0,0.0,-1.1771779141104304
2018-11-13,45.8077300613497,318.0,0.0,0.30417177914109317
2018-11-14,46.24024539877302,318.0,0.0,0.43251533742331816
2018-11-15,46.33432098765434,318.0,-1.0,0.09407558888131717
2018-11-16,46.16601226993866,318.0,1.0,-0.16830871771567502
2018-11-17,46.219386503067504,318.0,0.0,0.05337423312884226
2018-11-18,46.28073619631903,318.0,0.0,0.06134969325152895
2018-11-19,45.591728395061736,318.0,-1.0,-0.6890078012572971
2018-11-20,46.23840490797547,318.0,1.0,0.6466765129137357
2018-11-21,46.226134969325166,318.0,0.0,-0.01226993865030579
2018-11-22,46.96993865030676,318.0,0.0,0.7438036809815927
2018-11-23,47.09141104294479,318.0,0.0,0.121472392638033
2018-11-24,46.998773006134975,318.0,0.0,-0.09263803680981653
2018-11-25,46.653086419753095,318.0,-1.0,-0.34568658638188055
2018-11-26,46.298773006134965,318.0,1.0,-0.3543134136181294
2018-11-27,46.6239263803681,318.0,0.0,0.32515337423313184
2018-11-28,46.681595092024544,318.0,0.0,0.05766871165644716
2018-11-29,46.827160493827165,318.0,-1.0,0.1455654018026209
2018-11-30,46.663190184049085,318.0,1.0,-0.16397030977807958
2018-12-01,47.2398773006135,318.0,0.0,0.5766871165644147
2018-12-02,47.5358024691358,318.0,-1.0,0.29592516852230233
2018-12-03,47.30920245398774,318.0,1.0,-0.22660001514806538
2018-12-04,46.72638036809817,318.0,0.0,-0.5828220858895676
2018-12-05,47.05822085889571,318.0,0.0,0.3318404907975392
2018-12-06,46.935521472392644,318.0,0.0,-0.122699386503065
2018-12-07,46.63674846625767,318.0,0.0,-0.29877300613497226
2018-12-08,46.468036809815956,318.0,0.0,-0.16871165644171526
2018-12-09,46.61779141104295,318.0,0.0,0.14975460122699502
2018-12-10,46.623926380368104,318.0,0.0,0.006134969325152895
2018-12-11,46.61656441717792,318.0,0.0,-0.007361963190184895
2018-12-12,46.62269938650307,318.0,0.0,0.006134969325152895
2018-12-13,46.469325153374236,318.0,0.0,-0.15337423312883658
2018-12-14,46.784171779141104,318.0,0.0,0.3148466257668687
2018-12-15,46.19576687116564,318.0,0.0,-0.5884049079754661
2018-12-16,46.18349693251533,318.0,0.0,-0.01226993865030579
2018-12-17,46.20067073170731,318.0,1.0,0.01717379919197981
2018-12-18,46.13432926829269,318.0,0.0,-0.06634146341462355
2018-12-19,46.344573170731714,318.0,0.0,0.21024390243902502
2018-12-20,46.36164634146342,318.0,0.0,0.017073170731706
2018-12-21,46.36402439024391,318.0,0.0,0.0023780487804927475
2018-12-22,46.48597560975611,318.0,0.0,0.1219512195121979
2018-12-23,46.58343558282209,318.0,-1.0,0.09745997306598042
2018-12-24,46.48545454545455,318.0,2.0,-0.09798103736753916
2018-12-25,46.30248484848485,318.0,0.0,-0.18296969696969967
2018-12-26,46.38066666666668,318.0,0.0,0.07818181818182524
2018-12-27,47.17716867469879,318.0,1.0,0.7965020080321139
2018-12-28,47.581927710843374,318.0,0.0,0.40475903614458275
2018-12-29,47.58427710843373,318.0,0.0,0.0023493975903576825
2018-12-30,47.58427710843373,318.0,0.0,0.0
2018-12-31,47.69451807228915,318.0,0.0,0.11024096385541782
2019-01-01,47.645120481927705,318.0,0.0,-0.04939759036144409
2019-01-02,47.66319277108433,318.0,0.0,0.01807228915662762
2019-01-03,47.66078313253012,318.0,0.0,-0.002409638554212279
2019-01-04,47.66078313253012,318.0,0.0,0.0
2019-01-05,47.661987951807234,318.0,0.0,0.0012048192771132449
2019-01-06,47.66801204819277,318.0,0.0,0.006024096385537803
2019-01-07,47.6860843373494,318.0,0.0,0.01807228915662762
2019-01-08,47.675240963855416,318.0,0.0,-0.010843373493983677
2019-01-09,47.66981927710843,318.0,0.0,-0.005421686746984733
2019-01-10,47.61730538922155,318.0,1.0,-0.052513887886881605
2019-01-11,47.5375,318.0,1.0,-0.07980538922154778
2019-01-12,47.924550898203584,318.0,-1.0,0.38705089820358296
2019-01-13,47.583928571428565,318.0,1.0,-0.34062232677501925
2019-01-14,47.749940476190474,318.0,0.0,0.16601190476190908
2019-01-15,47.91730538922155,318.0,-1.0,0.16736491303107925
2019-01-16,47.569644970414195,318.0,2.0,-0.347660418807358
2019-01-17,47.52230769230769,318.0,0.0,-0.04733727810650379
2019-01-18,47.54386904761905,318.0,-1.0,0.021561355311355612
2019-01-19,47.5510119047619,318.0,0.0,0.007142857142852677
2019-01-20,47.283550295857985,318.0,1.0,-0.2674616089039148
2019-01-21,47.91952380952381,318.0,-1.0,0.6359735136658244
2019-01-22,48.310532544378695,318.0,1.0,0.39100873485488563
2019-01-23,48.71305389221556,318.0,-2.0,0.402521347836867
2019-01-24,48.22422619047619,318.0,1.0,-0.48882770173937473
2019-01-25,48.01833333333333,318.0,0.0,-0.20589285714285666
2019-01-26,48.108070175438584,318.0,3.0,0.08973684210525334
2019-01-27,48.0079190751445,318.0,2.0,-0.10015110029408447
2019-01-28,48.150459770114935,318.0,1.0,0.1425406949704353
2019-02-01,48.08497142857142,318.0,1.0,-0.06548834154351368
2019-02-02,48.28674285714285,318.0,0.0,0.20177142857142627
2019-02-03,48.79297142857142,318.0,0.0,0.5062285714285721
2019-02-04,48.659257142857136,318.0,0.0,-0.13371428571428368
2019-02-05,49.76719999999998,318.0,0.0,1.1079428571428451
2019-02-06,48.77306818181817,318.0,1.0,-0.9941318181818133
2019-02-07,47.310056818181806,318.0,0.0,-1.4630113636363618
2019-02-08,47.73373563218391,318.0,-2.0,0.42367881400210194
2019-02-09,48.287897727272714,318.0,2.0,0.554162095088806
2019-02-10,48.62971751412428,318.0,1.0,0.3418197868515662
2019-02-11,48.62412429378531,318.0,0.0,-0.005593220338973026
2019-02-12,48.951534090909085,318.0,-1.0,0.32740979712377793
2019-02-13,49.20825842696628,318.0,2.0,0.25672433605719647
2019-02-14,49.5663068181818,318.0,-2.0,0.3580483912155188
2019-02-15,49.66863636363635,318.0,0.0,0.10232954545455186
2019-02-16,49.44820224719099,318.0,2.0,-0.22043411644536093
2019-02-17,49.49536723163841,318.0,-1.0,0.04716498444742001
2019-02-18,49.76337078651685,318.0,1.0,0.2680035548784403
2019-02-19,49.53173184357541,318.0,1.0,-0.23163894294144427
2019-02-20,49.534719101123585,318.0,-1.0,0.0029872575481775243
2019-02-21,48.755138121546956,318.0,3.0,-0.7795809795766289
2019-02-22,49.07766666666665,318.0,-1.0,0.3225285451196953
2019-02-23,49.82143646408839,318.0,1.0,0.7437697974217414
2019-02-24,49.311978021978014,318.0,1.0,-0.5094584421103789
2019-02-25,48.74766666666665,318.0,-2.0,-0.5643113553113608
2019-02-26,48.55845303867403,318.0,1.0,-0.18921362799262198
2019-02-27,49.45788888888887,318.0,-1.0,0.8994358502148359
2019-02-28,48.728369565217385,318.0,4.0,-0.7295193236714823
2019-03-01,48.587119565217385,318.0,0.0,-0.14124999999999943
2019-03-02,48.68026881720429,318.0,2.0,0.09314925198690815
2019-03-03,48.315161290322564,318.0,0.0,-0.3651075268817294
2019-03-04,47.51731182795699,318.0,0.0,-0.7978494623655763
2019-03-05,47.299032258064514,318.0,0.0,-0.21827956989247355
2019-03-06,48.34150537634409,318.0,0.0,1.042473118279574
2019-03-07,47.70602150537634,318.0,0.0,-0.6354838709677466
2019-03-08,47.755187165775396,318.0,1.0,0.0491656603990549
2019-03-09,47.79850267379679,318.0,0.0,0.04331550802139361
2019-03-10,48.19422459893048,318.0,0.0,0.3957219251336923
2019-03-11,47.86835978835978,318.0,2.0,-0.3258648105706996
2019-03-12,47.76819148936169,318.0,-1.0,-0.1001682989980921
2019-03-13,48.67457446808508,318.0,0.0,0.9063829787233928
2019-03-14,48.37010526315788,318.0,2.0,-0.30446920492720153
2019-03-15,48.47010526315788,318.0,0.0,0.10000000000000142
2019-03-16,48.26554973821988,318.0,1.0,-0.20455552493800155
2019-03-17,48.301684210526304,318.0,-1.0,0.03613447230642208
2019-03-18,48.412670157068064,318.0,1.0,0.11098594654175997
2019-03-19,48.72732984293193,318.0,0.0,0.31465968586386595
2019-03-20,48.61989583333332,318.0,1.0,-0.10743400959861305
2019-03-21,49.30791666666664,318.0,0.0,0.6880208333333258
2019-03-22,49.04177083333332,318.0,0.0,-0.26614583333332575
2019-03-23,48.894869109947635,318.0,-1.0,-0.14690172338568175
2019-03-24,49.19284974093262,302.0,2.0,0.2979806309849877
2019-03-25,49.72948453608246,302.0,1.0,0.5366347951498369
2019-03-26,49.7622797927461,302.0,-1.0,0.032795256663639805
2019-03-27,49.64061538461537,302.0,2.0,-0.12166440813072654
2019-03-28,49.14625641025639,302.0,0.0,-0.49435897435898113
2019-03-29,48.090871794871795,302.0,0.0,-1.0553846153845967
2019-03-30,48.10835051546391,302.0,-1.0,0.017478720592116304
2019-04-01,48.34443298969071,302.0,0.0,0.23608247422679796
2019-04-02,48.31591836734693,302.0,2.0,-0.028514622343777773
2019-04-03,48.12459183673469,302.0,0.0,-0.19132653061224403
2019-04-04,48.23938775510203,302.0,0.0,0.11479591836734215
2019-04-05,48.231224489795906,302.0,0.0,-0.008163265306123435
2019-04-06,48.40260204081632,302.0,0.0,0.17137755102041297
2019-04-07,48.328928571428555,302.0,0.0,-0.07367346938776365
2019-04-08,48.84270408163265,302.0,0.0,0.5137755102040913
2019-04-09,48.69369230769229,302.0,-1.0,-0.1490117739403587
2019-04-10,48.928274111675115,273.0,2.0,0.23458180398282735
2019-04-11,49.224263959390846,273.0,0.0,0.295989847715731
2019-04-12,48.6254081632653,273.0,-1.0,-0.5988557961255481
2019-04-13,48.85573604060913,273.0,1.0,0.2303278773438322
2019-04-14,48.982551020408145,273.0,-1.0,0.1268149797990148
2019-04-15,48.91309644670049,273.0,1.0,-0.0694545737076524
2019-04-16,48.61918781725886,273.0,0.0,-0.2939086294416313
2019-04-17,48.596852791878156,273.0,0.0,-0.02233502538070553
2019-04-18,48.62477157360404,273.0,0.0,0.027918781725887243
2019-04-19,47.79282828282826,273.0,1.0,-0.8319432907757829
2019-04-20,48.263807106598975,273.0,-1.0,0.4709788237707144
2019-04-21,48.45545454545453,273.0,1.0,0.19164743885555424
2019-04-22,48.574141414141394,273.0,0.0,0.11868686868686495
2019-04-23,48.812979797979786,273.0,0.0,0.23883838383839162
2019-04-24,48.475101010101,273.0,0.0,-0.3378787878787861
2019-04-25,48.69378787878785,273.0,0.0,0.21868686868685216
2019-04-26,48.6382323232323,273.0,0.0,-0.05555555555555003
2019-04-27,48.945765306122425,273.0,-2.0,0.3075329828901232
2019-04-28,48.621060606060595,273.0,2.0,-0.3247047000618295
2019-04-29,49.297236180904484,273.0,1.0,0.6761755748438887
2019-04-30,48.844472361809025,273.0,0.0,-0.45276381909545904
2019-05-01,47.91432160804019,273.0,0.0,-0.9301507537688352
2019-05-02,47.919249999999984,273.0,1.0,0.0049283919597939985
2019-05-03,48.731909547738674,273.0,-1.0,0.81265954773869
2019-05-04,48.637749999999976,273.0,1.0,-0.09415954773869828
2019-05-05,48.527749999999976,273.0,0.0,-0.10999999999999943
2019-05-06,48.39324999999999,273.0,0.0,-0.13449999999998852
2019-05-07,48.50580808080807,273.0,-2.0,0.11255808080808549
2019-05-08,48.40224999999999,273.0,2.0,-0.10355808080808515
2019-05-09,48.567749999999975,273.0,0.0,0.16549999999998732
2019-05-10,48.4146766169154,273.0,1.0,-0.15307338308457474
2019-05-11,48.838249999999974,273.0,-1.0,0.42357338308457315
2019-05-12,49.80717821782175,308.0,2.0,0.9689282178217766
2019-05-13,50.073514851485115,308.0,0.0,0.26633663366336435
2019-05-14,50.49074999999996,308.0,-2.0,0.4172351485148482
2019-05-15,50.23737623762372,308.0,2.0,-0.253373762376242
2019-05-16,49.505221674876815,308.0,1.0,-0.7321545627469064
2019-05-17,49.12403940886696,308.0,0.0,-0.3811822660098514
2019-05-18,49.43139999999997,308.0,-3.0,0.30736059113300485
2019-05-19,49.290447761193995,308.0,1.0,-0.14095223880597274
2019-05-20,48.973793103448244,308.0,2.0,-0.31665465774575097
2019-05-21,49.365467980295534,308.0,0.0,0.39167487684728997
2019-05-22,50.24373134328354,308.0,-2.0,0.8782633629880081
2019-05-23,49.79945812807878,308.0,2.0,-0.4442732152047597
2019-05-24,49.835594059405906,308.0,-1.0,0.03613593132712367
2019-05-25,49.761034482758596,308.0,1.0,-0.07455957664731017
2019-05-26,49.961831683168285,308.0,-1.0,0.20079720040968851
2019-05-27,50.242807881773366,308.0,1.0,0.2809761986050816
2019-05-28,52.030882352941134,396.0,1.0,1.7880744711677679
2019-05-29,51.832682926829236,396.0,1.0,-0.19819942611189845
2019-05-30,51.9254901960784,396.0,-1.0,0.09280726924916394
2019-06-01,51.83707317073167,396.0,1.0,-0.0884170253467289
2019-06-02,51.27999999999997,396.0,0.0,-0.557073170731698
2019-06-03,51.75098039215683,396.0,-1.0,0.4709803921568607
2019-06-04,51.120975609756066,396.0,1.0,-0.6300047824007677
2019-06-05,51.076847290640366,396.0,-2.0,-0.04412831911569981
2019-06-06,51.088292682926806,396.0,2.0,0.011445392286439926
2019-06-07,51.57941176470585,396.0,-1.0,0.49111908177904695
2019-06-08,50.976097560975575,396.0,1.0,-0.6033142037302781
2019-06-09,50.79560975609753,396.0,0.0,-0.18048780487804805
2019-06-10,50.746116504854335,396.0,1.0,-0.049493251243191594
2019-06-11,51.12184466019414,396.0,0.0,0.3757281553398073
2019-06-12,50.96956521739127,396.0,1.0,-0.15227944280287176
2019-06-13,51.35219512195119,396.0,-2.0,0.38262990455991996
2019-06-14,50.87487922705311,396.0,2.0,-0.47731589489808357
2019-06-15,50.72028985507243,396.0,0.0,-0.15458937198067702
2019-06-16,51.04417475728152,396.0,-1.0,0.3238849022090875
2019-06-17,51.29227053140094,396.0,1.0,0.2480957741194203
2019-06-18,50.694202898550685,308.0,0.0,-0.5980676328502526
2019-06-19,50.918932038834924,308.0,-1.0,0.2247291402842393
2019-06-20,50.84660194174754,308.0,0.0,-0.07233009708738791
2019-06-21,50.57294685990335,308.0,1.0,-0.27365508184418985
2019-06-22,50.95314009661832,308.0,0.0,0.3801932367149732
2019-06-23,50.79855769230766,308.0,1.0,-0.15458240431065917
2019-06-24,51.27149758454103,308.0,-1.0,0.4729398922333701
2019-06-25,51.012560386473396,308.0,0.0,-0.2589371980676347
2019-06-26,51.027053140096584,308.0,0.0,0.014492753623187582
2019-06-27,51.14902912621355,308.0,-1.0,0.12197598611696492
2019-06-28,51.08840579710141,308.0,1.0,-0.06062332911213986
2019-06-29,51.22028985507243,308.0,0.0,0.1318840579710212
2019-06-30,50.70478468899518,308.0,2.0,-0.5155051660772472
2019-07-01,50.62270531400964,308.0,-2.0,-0.08207937498553974
2019-07-02,50.701904761904714,308.0,3.0,0.07919944789507127
2019-07-03,51.639712918660244,308.0,-1.0,0.9378081567555299
2019-07-04,51.42918660287078,308.0,0.0,-0.21052631578946546
2019-07-05,51.47523809523807,308.0,1.0,0.046051492367290336
2019-07-06,51.8233333333333,308.0,0.0,0.34809523809523313
2019-07-07,52.091866028708104,308.0,-1.0,0.26853269537480173
2019-07-08,51.05571428571425,308.0,1.0,-1.0361517429938516
2019-07-09,50.36037735849053,308.0,2.0,-0.6953369272237211
2019-07-10,51.80132701421797,308.0,-1.0,1.4409496557274366
2019-07-11,51.427136150234695,308.0,2.0,-0.37419086398327295
2019-07-12,52.44289719626163,396.0,1.0,1.0157610460269382
2019-07-13,52.45084905660372,308.0,-2.0,0.00795186034208939
2019-07-14,51.5690654205607,308.0,2.0,-0.8817836360430249
2019-07-15,52.35933962264147,399.0,-2.0,0.7902742020807736
2019-07-16,53.77830985915489,399.0,1.0,1.4189702365134167
2019-07-17,53.38910798122061,399.0,0.0,-0.3892018779342763
2019-07-18,55.36425925925921,488.0,3.0,1.9751512780385951
2019-07-19,54.86439252336443,488.0,-2.0,-0.49986673589477704
2019-07-20,54.83907834101377,488.0,3.0,-0.025314182350662406
2019-07-21,54.36580645161285,488.0,0.0,-0.4732718894009196
2019-07-22,54.25013824884788,488.0,0.0,-0.11566820276496514
2019-07-23,53.94527777777772,488.0,-1.0,-0.3048604710701639
2019-07-24,53.86472222222216,488.0,0.0,-0.08055555555555571
2019-07-25,53.89759259259254,399.0,0.0,0.03287037037037521
2019-07-26,53.546912442396255,399.0,1.0,-0.3506801501962826
2019-07-27,54.363041474654324,488.0,0.0,0.8161290322580683
2019-07-28,53.44027522935774,488.0,1.0,-0.9227662452965859
2019-07-29,53.149908256880686,488.0,0.0,-0.29036697247705234
2019-07-30,54.25587155963298,488.0,0.0,1.1059633027522935
2019-07-31,53.79440366972473,488.0,0.0,-0.46146788990824916
2019-08-01,54.16109589041091,488.0,1.0,0.3666922206861827
2019-08-02,54.244608294930835,488.0,-2.0,0.08351240451992226
2019-08-03,53.751963470319595,488.0,2.0,-0.49264482461124004
2019-08-04,53.93385321100913,488.0,-1.0,0.18188974068953456
2019-08-05,52.44577981651372,488.0,0.0,-1.4880733944954088
2019-08-06,52.172054794520506,488.0,1.0,-0.273725021993215
2019-08-07,52.46857142857138,488.0,-2.0,0.2965166340508745
2019-08-08,52.38575342465749,488.0,2.0,-0.08281800391389282
2019-08-09,50.07662100456617,366.0,0.0,-2.3091324200913164
2019-08-10,49.5012727272727,366.0,1.0,-0.5753482772934717
2019-08-11,50.3944545454545,366.0,0.0,0.8931818181818016
2019-08-12,50.35899999999996,366.0,0.0,-0.03545454545454163
2019-08-13,50.402136363636316,366.0,0.0,0.04313636363635709
2019-08-14,51.42077272727268,488.0,0.0,1.018636363636361
2019-08-15,51.61536363636358,488.0,0.0,0.19459090909090548
2019-08-16,51.942831050228264,488.0,-1.0,0.3274674138646816
2019-08-17,51.920818181818134,488.0,1.0,-0.022012868410129727
2019-08-18,51.62445454545449,439.0,0.0,-0.29636363636364393
2019-08-19,51.61360730593603,439.0,-1.0,-0.010847239518462004
2019-08-20,52.39857777777773,488.0,6.0,0.784970471841703
2019-08-21,52.780442477876065,488.0,1.0,0.3818647000983333
2019-08-22,53.24858407079641,488.0,0.0,0.46814159292034674
2019-08-23,52.85920353982297,488.0,0.0,-0.3893805309734404
2019-08-24,52.650353982300835,488.0,0.0,-0.20884955752213585
2019-08-25,52.02746666666662,439.0,-1.0,-0.6228873156342161
2019-08-26,51.00252212389376,439.0,1.0,-1.0249445427728574
2019-08-27,51.56297777777773,439.0,-1.0,0.5604556538839702
2019-08-28,51.45429203539818,488.0,1.0,-0.10868574237954931
2019-08-29,51.885580357142814,488.0,-2.0,0.4312883217446313
2019-08-30,51.29275555555551,439.0,1.0,-0.5928248015873052
2019-09-01,51.54416666666663,488.0,3.0,0.2514111111111177
2019-09-02,51.354415584415534,488.0,3.0,-0.18975108225109238
2019-09-03,51.43536796536792,488.0,0.0,0.08095238095238244
2019-09-04,51.75787878787873,488.0,0.0,0.3225108225108144
2019-09-05,51.605064935064874,488.0,0.0,-0.15281385281385695
2019-09-06,50.549220779220725,488.0,0.0,-1.0558441558441487
2019-09-07,51.29207792207787,488.0,0.0,0.7428571428571473
2019-09-08,50.250732758620636,439.0,1.0,-1.0413451634572368
2019-09-09,50.46910256410251,439.0,2.0,0.21836980548187768
2019-09-10,50.80795744680845,439.0,1.0,0.3388548827059381
2019-09-11,50.752680851063765,488.0,0.0,-0.055276595744686574
2019-09-12,51.34927659574461,488.0,0.0,0.5965957446808474
2019-09-13,50.91689361702121,488.0,0.0,-0.43238297872340326
2019-09-14,51.037478632478575,488.0,-1.0,0.12058501545736533
2019-09-15,50.91766949152535,488.0,2.0,-0.11980914095322248
2019-09-16,50.48504237288129,488.0,0.0,-0.43262711864406356
2019-09-17,50.31644067796603,488.0,0.0,-0.16860169491526023
2019-09-18,50.58837606837601,439.0,-2.0,0.27193539040997905
2019-09-19,50.58169491525417,488.0,2.0,-0.006681153121839145
2019-09-20,50.29863829787228,488.0,-1.0,-0.28305661738188803
2019-09-21,49.71721518987336,488.0,2.0,-0.5814231079989227
2019-09-22,49.78472573839657,488.0,0.0,0.06751054852320948
2019-09-23,49.74801687763707,439.0,0.0,-0.03670886075949653
2019-09-24,50.15923728813552,439.0,-1.0,0.41122041049845137
2019-09-25,49.78338983050842,439.0,0.0,-0.3758474576271027
2019-09-26,49.50957983193271,439.0,2.0,-0.2738099985757074
2019-09-27,49.5780672268907,439.0,0.0,0.06848739495799094
2019-09-28,49.5518143459915,439.0,-1.0,-0.026252880899200193
2019-09-29,49.186355932203334,439.0,-1.0,-0.36545841378816846
2019-09-30,48.75891213389116,439.0,3.0,-0.4274437983121757
2019-10-01,49.23241666666661,439.0,1.0,0.47350453277545057
2019-10-02,49.219916666666606,439.0,0.0,-0.012500000000002842
2019-10-03,49.128249999999944,439.0,0.0,-0.09166666666666146
2019-10-04,50.41817427385887,439.0,1.0,1.2899242738589223
2019-10-05,50.52866666666661,439.0,-1.0,0.11049239280774259
2019-10-06,49.82719008264458,439.0,2.0,-0.7014765840220321
2019-10-07,48.98588477366249,439.0,1.0,-0.8413053089820863
2019-10-08,49.26613168724274,439.0,0.0,0.28024691358024967
2019-10-09,49.17856557377043,439.0,1.0,-0.08756611347231313
2019-10-10,49.01901639344257,439.0,0.0,-0.1595491803278577
2019-10-11,46.623089430894254,439.0,2.0,-2.395926962548316
2019-10-12,48.62707317073165,439.0,0.0,2.0039837398373948
2019-10-13,49.12295546558698,439.0,1.0,0.49588229485533475
2019-10-14,49.28044534412949,439.0,0.0,0.1574898785425063
2019-10-15,50.1685772357723,488.0,-1.0,0.8881318916428071
2019-10-16,50.37810483870961,488.0,2.0,0.20952760293731387
2019-10-17,49.857710843373425,488.0,1.0,-0.5203939953361854
2019-10-18,50.08947999999994,488.0,1.0,0.23176915662651254
2019-10-19,49.879163346613474,488.0,1.0,-0.21031665338646377
2019-10-20,49.40827999999994,488.0,-1.0,-0.47088334661353315
2019-10-21,49.42027999999994,488.0,0.0,0.012000000000000455
2019-10-22,49.599083665338576,488.0,1.0,0.17880366533863423
2019-10-23,49.79151394422304,488.0,0.0,0.19243027888446562
2019-10-24,49.03653386454177,488.0,0.0,-0.7549800796812747
2019-10-25,48.799879999999945,488.0,-1.0,-0.2366538645418217
2019-10-26,48.556279999999944,488.0,0.0,-0.2436000000000007
2019-10-27,48.90625498007962,488.0,1.0,0.3499749800796792
2019-10-28,48.939721115537786,488.0,0.0,0.03346613545816268
2019-10-29,49.10206349206342,488.0,1.0,0.1623423765256362
2019-10-30,49.52458498023709,488.0,1.0,0.42252148817366475
2019-11-01,49.49868525896408,488.0,-2.0,-0.02589972127300655
2019-11-02,49.69710317460311,488.0,1.0,0.1984179156390269
2019-11-03,48.906061776061705,439.0,7.0,-0.7910413985414024
2019-11-04,49.322062256809275,439.0,-2.0,0.4160004807475701
2019-11-05,48.98936090225556,488.0,9.0,-0.33270135455371275
2019-11-06,49.249320754716905,488.0,-1.0,0.2599598524613427
2019-11-07,48.98832089552231,488.0,3.0,-0.2609998591945981
2019-11-08,48.83944029850739,488.0,0.0,-0.14888059701491585
2019-11-09,48.753619402985,488.0,0.0,-0.0858208955223887
2019-11-10,49.181842105263094,488.0,-2.0,0.42822270227809156
2019-11-11,49.003948339483316,488.0,5.0,-0.17789376577977833
2019-11-12,47.26846153846146,390.0,2.0,-1.7354868010218567
2019-11-13,48.99426470588228,488.0,-1.0,1.7258031674208212
2019-11-14,49.092254545454466,415.0,3.0,0.0979898395721861
2019-11-15,48.8812773722627,415.0,-1.0,-0.21097717319176468
2019-11-16,48.95261818181811,415.0,1.0,0.07134080955540867
2019-11-17,48.72170909090901,390.0,0.0,-0.23090909090910117
2019-11-18,49.026996336996255,390.0,-2.0,0.30528724608724644
2019-11-19,47.936618181818105,390.0,2.0,-1.0903781551781506
2019-11-20,47.764981818181745,390.0,0.0,-0.1716363636363596
2019-11-21,47.928722627737166,390.0,-1.0,0.1637408095554207
2019-11-22,49.44825454545447,488.0,1.0,1.519531917717302
2019-11-23,49.16281021897802,415.0,-1.0,-0.28544432647645124
2019-11-24,49.03312727272719,415.0,1.0,-0.12968294625082422
2019-11-25,49.022218181818104,415.0,0.0,-0.010909090909088093
2019-11-26,48.692981818181735,415.0,0.0,-0.3292363636363689
2019-11-27,49.328618181818115,415.0,0.0,0.6356363636363795
2019-11-28,50.1366181818181,488.0,0.0,0.8079999999999856
2019-11-29,49.658436363636284,488.0,0.0,-0.4781818181818167
2019-11-30,49.767761732851916,415.0,2.0,0.1093253692156324
2019-12-01,50.10169675090245,415.0,0.0,0.33393501805053205
2019-12-02,50.67910394265223,488.0,2.0,0.5774071917497849
2019-12-03,50.35652329749095,488.0,0.0,-0.32258064516128115
2019-12-04,49.812078853046515,488.0,0.0,-0.5444444444444372
2019-12-05,49.52928315412178,390.0,0.0,-0.2827956989247369
2019-12-06,49.12017985611502,390.0,-1.0,-0.40910329800675527
2019-12-07,48.08444444444437,390.0,1.0,-1.0357354116706503
2019-12-08,48.52424028268544,390.0,4.0,0.4397958382410678
2019-12-09,47.92318021201407,390.0,0.0,-0.6010600706713731
2019-12-10,47.88643109540629,390.0,0.0,-0.0367491166077798
2019-12-11,47.84034965034958,390.0,3.0,-0.04608144505670708
2019-12-12,48.17313588850165,390.0,1.0,0.3327862381520674
2019-12-13,48.1727874564459,390.0,0.0,-0.0003484320557447518
2019-12-14,48.1485763888888,390.0,1.0,-0.024211067557104116
2019-12-15,48.53434027777769,390.0,0.0,0.3857638888888886
2019-12-16,48.40377162629749,390.0,1.0,-0.13056865148019625
2019-12-17,49.28889273356393,488.0,0.0,0.8851211072664356
2019-12-18,49.54513793103439,488.0,1.0,0.2562451974704629
2019-12-19,50.10134482758611,488.0,0.0,0.5562068965517213
2019-12-20,51.54954861111102,488.0,-2.0,1.4482037835249102
2019-12-21,55.96747440273027,488.0,5.0,4.417925791619247
2019-12-22,61.66576791808866,640.0,0.0,5.698293515358394
2019-12-23,61.93983108108099,488.0,3.0,0.27406316299232714
2019-12-24,64.72198653198646,580.0,1.0,2.7821554509054707
2019-12-25,65.73740740740735,580.0,0.0,1.0154208754208867
2019-12-26,68.02794612794605,580.0,0.0,2.2905387205387058
2019-12-27,68.34637583892611,580.0,1.0,0.31842971098005535
2019-12-28,68.56973333333326,580.0,2.0,0.22335749440715347
2019-12-29,68.79338870431889,580.0,1.0,0.22365537098562527
2019-12-30,68.19509933774826,580.0,1.0,-0.5982893665706257
2019-12-31,69.25716171617155,598.0,1.0,1.0620623784232919
2020-01-01,67.87792079207914,598.0,0.0,-1.3792409240924144
2020-01-02,68.05547854785472,598.0,0.0,0.17755775577558097
2020-01-03,68.85334437086087,598.0,-1.0,0.7978658230061484
2020-01-04,68.81059405940587,598.0,1.0,-0.04275031145499497
2020-01-05,68.39592105263152,598.0,1.0,-0.4146730067743505
2020-01-06,68.42105960264895,598.0,-2.0,0.025138550017430816
2020-01-07,68.79197368421046,598.0,2.0,0.3709140815615086
2020-01-08,68.86828947368414,598.0,0.0,0.07631578947368212
2020-01-09,68.58380327868846,598.0,1.0,-0.2844861949956794
2020-01-10,68.72690553745923,598.0,2.0,0.14310225877076732
2020-01-11,69.17527868852453,598.0,-2.0,0.4483731510652973
2020-01-12,68.87601307189536,598.0,1.0,-0.29926561662917095
2020-01-13,68.62625407166118,598.0,1.0,-0.24975900023417807
2020-01-14,68.9825490196078,598.0,-1.0,0.35629494794662264
2020-01-15,69.21925806451608,598.0,4.0,0.23670904490828093
2020-01-16,69.52422077922073,598.0,-2.0,0.30496271470464364
2020-01-17,69.51466237942118,598.0,3.0,-0.009558399799544759
2020-01-18,70.3008360128617,598.0,0.0,0.7861736334405123
2020-01-19,70.1176451612903,598.0,-1.0,-0.18319085157139625
2020-01-20,69.62230519480515,598.0,-2.0,-0.49533996648514744
2020-01-21,69.87806962025313,598.0,8.0,0.2557644254479783
2020-01-22,69.99831746031741,598.0,-1.0,0.12024784006428035
2020-01-23,70.71292063492058,598.0,0.0,0.7146031746031696
2020-01-24,70.51848297213618,598.0,8.0,-0.19443766278439512
2020-01-25,70.57365624999996,598.0,-3.0,0.055173277863772796
2020-01-26,70.11745341614902,598.0,2.0,-0.45620283385093785
2020-01-27,70.06929230769227,598.0,3.0,-0.048161108456753254
2020-01-28,69.43319018404904,598.0,1.0,-0.6361021236432265
2020-01-29,69.6988554216867,598.0,6.0,0.2656652376376627
2020-02-01,70.60423880597011,598.0,3.0,0.9053833842834109
2020-02-02,70.9220833333333,598.0,1.0,0.31784452736319224
2020-02-03,100.82447058823534,9999.0,4.0,29.902387254902038
2020-02-04,101.85002941176478,9999.0,0.0,1.0255588235294368
2020-02-05,101.28912536443157,9999.0,3.0,-0.5609040473332101
2020-02-06,99.96772988505757,9999.0,5.0,-1.3213954793740044
2020-02-07,101.37070821529754,9999.0,5.0,1.402978330239975
2020-02-08,99.48643258426972,9999.0,3.0,-1.884275631027819
2020-02-09,98.45314763231205,9999.0,3.0,-1.0332849519576683
2020-02-10,99.80571038251377,9999.0,7.0,1.352562750201713
2020-02-11,101.05168449197878,9999.0,8.0,1.2459741094650099
2020-02-12,100.5018961038963,9999.0,11.0,-0.5497883880824759
2020-02-13,101.5076103896106,9999.0,0.0,1.0057142857143049
2020-02-14,100.00738693467359,9999.0,13.0,-1.5002234549370144
2020-02-15,98.89960396039628,9999.0,6.0,-1.1077829742773133
2020-02-16,97.84305825242743,9999.0,8.0,-1.0565457079688514
2020-02-17,97.72376811594229,9999.0,2.0,-0.11929013648513376
2020-02-18,74.30411347517733,999.0,9.0,-23.41965464076496
2020-02-19,74.44904872389796,999.0,8.0,0.14493524872062835
2020-02-20,74.5129864253394,999.0,11.0,0.06393770144144639
2020-02-21,74.65910913140317,999.0,7.0,0.14612270606376399
2020-02-22,74.23914163090136,999.0,17.0,-0.4199675005018122
2020-02-23,74.67629473684218,999.0,9.0,0.4371531059408227
2020-02-24,75.53849593495943,999.0,17.0,0.8622011981172477
2020-02-25,74.40709418837685,999.0,7.0,-1.1314017465825827
2020-02-26,75.06900970873798,999.0,16.0,0.6619155203611342
2020-02-27,77.81814531548771,1599.0,8.0,2.749135606749732
2020-02-28,78.896277777778,1599.0,17.0,1.0781324622902844
2020-02-29,79.16491319444474,1599.0,36.0,0.26863541666673996
2020-03-01,77.40222797927483,1599.0,3.0,-1.7626852151699097
2020-03-02,77.91693220339006,1599.0,11.0,0.5147042241152349
2020-03-03,77.7992976588631,1450.0,8.0,-0.11763454452696465
2020-03-04,78.61613861386165,1450.0,8.0,0.816840954998554
2020-03-05,82.68283849918464,2400.0,7.0,4.06669988532299
2020-03-06,82.95842190016134,2400.0,8.0,0.2755834009767
2020-03-07,81.00471518987375,2400.0,11.0,-1.953706710287591
2020-03-08,80.98884012539216,2400.0,6.0,-0.01587506448159104
2020-03-09,80.73505409582724,2400.0,9.0,-0.253786029564921
2020-03-10,78.31553223388342,2360.0,20.0,-2.419521861943821
2020-03-11,78.35494768310946,2360.0,2.0,0.03941544922604123
2020-03-12,79.51341142020536,2360.0,14.0,1.1584637370959001
2020-03-13,79.28939970717461,2360.0,0.0,-0.22401171303074818
2020-03-14,78.37245714285753,2360.0,17.0,-0.9169425643170825
2020-03-15,78.74366713681283,2360.0,9.0,0.3712099939553042
2020-03-16,79.24571827057225,2360.0,8.0,0.5020511337594229
2020-03-17,78.78838134430768,2360.0,12.0,-0.4573369262645741
2020-03-18,78.7898780487809,2360.0,9.0,0.0014967044732259183
2020-03-19,79.14330634278045,2360.0,3.0,0.3534282939995421
2020-03-20,79.49360589812375,2360.0,5.0,0.35029955534329815
2020-03-21,78.12812000000044,2360.0,4.0,-1.3654858981233104
2020-03-22,78.5282228116715,2360.0,4.0,0.40010281167106143
2020-03-23,79.3848620236535,2360.0,7.0,0.8566392119819994
2020-03-24,79.84958224543125,2360.0,5.0,0.4647202217777533
2020-03-25,79.77399739583377,2360.0,2.0,-0.07558484959747602
2020-03-26,85.83512853470478,5500.0,10.0,6.061131138871005
2020-03-27,84.95983354673537,5500.0,3.0,-0.8752949879694114
2020-03-28,84.73795165394446,5500.0,5.0,-0.2218818927909041
2020-03-29,84.01117870722474,5500.0,3.0,-0.7267729467197199
2020-03-30,75.76364532019747,1800.0,23.0,-8.247533387027275
2020-04-01,76.41556097561019,1800.0,8.0,0.6519156554127221
2020-04-02,76.52231425091396,1800.0,1.0,0.10675327530377388
2020-04-03,75.48486293206241,1780.0,18.0,-1.0374513188515522
2020-04-04,75.08349282296695,1780.0,-3.0,-0.4013701090954669
2020-04-05,74.2448156956009,1780.0,5.0,-0.83867712736604
2020-04-06,73.22608284023711,1760.0,4.0,-1.018732855363794
2020-04-07,73.08852803738361,1760.0,11.0,-0.13755480285350075
2020-04-08,73.93532332563555,1760.0,10.0,0.8467952882519398
2020-04-09,73.21859106529256,1760.0,7.0,-0.7167322603429938
2020-04-10,72.94183856502292,1760.0,19.0,-0.2767525002696374
2020-04-11,72.6228364849838,1760.0,7.0,-0.31900208003912667
2020-04-12,72.48573806881292,1760.0,2.0,-0.13709841617087193
2020-04-13,70.4586563876657,1660.0,7.0,-2.027081681147223
2020-04-14,70.33257328990281,1660.0,13.0,-0.12608309776288706
2020-04-15,70.11776344086074,1660.0,9.0,-0.21480984904206935
2020-04-16,68.90227321238045,1599.0,7.0,-1.2154902284802915
2020-04-17,68.12309398099313,1599.0,10.0,-0.7791792313873174
2020-04-18,67.66014675052465,1599.0,7.0,-0.46294723046848674
2020-04-19,67.65209710743856,1599.0,14.0,-0.008049643086081915
2020-04-20,66.41648925281527,1599.0,9.0,-1.2356078546232965
2020-04-21,66.5514705882358,1599.0,9.0,0.1349813354205338
2020-04-22,66.5487298387102,1599.0,6.0,-0.0027407495255999947
2020-04-23,66.90211634904765,1599.0,5.0,0.35338651033744384
2020-04-24,65.8146092184374,1599.0,1.0,-1.0875071306102484
2020-04-25,65.42981262327469,1599.0,16.0,-0.3847965951627117
2020-04-26,65.59025415444816,1599.0,9.0,0.16044153117347548
2020-04-27,65.111903381643,1599.0,12.0,-0.4783507728051575
2020-04-28,64.93873674059834,1599.0,2.0,-0.1731666410446593
2020-04-29,64.39237642585597,1599.0,15.0,-0.5463603147423726
2020-04-30,64.81368518518562,1599.0,28.0,0.42130875932964784
2020-05-01,61.15073059360775,999.0,15.0,-3.662954591577872
2020-05-02,63.51546017699149,2999.0,35.0,2.364729583383742
2020-05-03,63.02116197183131,2999.0,6.0,-0.4942982051601774
2020-05-04,62.76706502636238,2999.0,2.0,-0.25409694546893036
2020-05-05,62.68528483786187,2999.0,3.0,-0.08178018850050961
2020-05-06,63.25650212765987,2999.0,34.0,0.5712172897979997
2020-05-07,64.12257408975468,2999.0,6.0,0.8660719620948072
2020-05-08,63.405916317991846,2999.0,14.0,-0.7166577717628329
2020-05-09,63.259867109634776,2999.0,9.0,-0.14604920835706992
2020-05-10,61.76292561983495,2999.0,6.0,-1.4969414897998234
2020-05-11,60.827715447154695,2999.0,20.0,-0.9352101726802573
2020-05-12,60.76090177133675,2999.0,12.0,-0.06681367581794717
2020-05-13,61.19411906677409,2999.0,1.0,0.4332172954373448
2020-05-14,61.13972972972989,2999.0,15.0,-0.05438933704419924
2020-05-15,58.56015290519894,999.0,50.0,-2.579576824530953
2020-05-16,59.16812125748515,999.0,28.0,0.6079683522862069
2020-05-17,59.72677252584943,999.0,18.0,0.5586512683642795
2020-05-18,59.35634057971024,880.0,26.0,-0.37043194613918473
2020-05-19,59.31645068394535,880.0,9.0,-0.03988989576489388
2020-05-20,59.341006118286906,1300.0,82.0,0.024555434341557714
2020-05-21,59.18819972826088,1300.0,1.0,-0.15280639002602925
2020-05-22,59.31396610169494,1300.0,3.0,0.12576637343406105
2020-05-23,59.652151474530854,1300.0,17.0,0.3381853728359161
2020-05-24,59.271089572192565,1300.0,4.0,-0.3810619023382884
2020-05-25,58.334138157894785,1200.0,24.0,-0.9369514142977806
2020-05-26,58.151260726072636,1200.0,-5.0,-0.1828774318221491
2020-05-27,58.51776609724054,1200.0,7.0,0.3665053711679036
2020-05-28,57.91422295081971,900.0,3.0,-0.6035431464208258
2020-05-29,57.42095827900918,900.0,9.0,-0.493264671810536
2020-05-30,56.98989603638729,900.0,5.0,-0.4310622426218842
2020-06-01,57.06052258064522,900.0,11.0,0.07062654425792658
2020-06-02,56.51583707504815,900.0,9.0,-0.544685505597073
2020-06-03,56.13104153354634,900.0,6.0,-0.38479554150180917
2020-06-04,57.55207384615379,1584.0,60.0,1.4210323126074513
